household_id,area,household_size,registration_date,support_needs
0,Eastfield,5,2025-01-29,Dietary
1,Eastfield,2,2024-11-21,Emergency
2,Hilltop,3,2024-11-04,Dietary
3,Northgate,1,2024-11-03,Standard
4,Northgate,5,2025-01-21,Emergency
5,Southbank,1,2024-07-14,Standard
6,Northgate,1,2025-04-24,Accessibility
7,Southbank,2,2024-11-14,Standard
8,Northgate,4,2024-08-27,Dietary
9,Eastfield,5,2025-05-06,Emergency
10,Hilltop,6,2024-11-01,Accessibility
11,Southbank,3,2024-06-14,Emergency
12,Hilltop,3,2025-03-09,Dietary
13,Eastfield,4,2024-08-25,Standard
14,Southbank,1,2024-10-20,Emergency
15,Eastfield,4,2025-04-02,Accessibility
16,Southbank,3,2024-07-23,Standard
17,Eastfield,6,2024-12-13,Accessibility
18,Hilltop,1,2025-03-12,Standard
19,Eastfield,3,2025-05-10,Emergency
20,Northgate,2,2024-11-15,Standard
21,Eastfield,1,2025-03-09,Dietary
22,Hilltop,5,2024-06-12,Standard
23,Riverside,5,2025-07-04,Dietary
24,Eastfield,3,2025-04-15,Dietary
25,Southbank,3,2025-06-26,Dietary
26,Hilltop,6,2024-09-12,Dietary
27,Eastfield,5,2025-05-19,Emergency
28,Riverside,5,2025-06-06,Accessibility
29,Southbank,6,2024-12-14,Emergency
30,Southbank,3,2025-01-04,Standard
31,Hilltop,6,2025-02-11,Dietary
32,Northgate,5,2024-08-02,Standard
33,Eastfield,1,2025-02-19,Emergency
34,Eastfield,6,2025-01-29,Emergency
35,Northgate,1,2025-06-20,Standard
36,Hilltop,1,2025-02-06,Emergency
37,Southbank,4,2024-06-10,Accessibility
38,Northgate,3,2024-06-05,Emergency
39,Riverside,3,2024-08-18,Dietary
40,Riverside,2,2025-05-07,Emergency
41,Northgate,5,2024-06-03,Standard
42,Northgate,5,2025-02-15,Emergency
43,Hilltop,6,2025-02-26,Dietary
44,Southbank,6,2024-06-26,Emergency
45,Hilltop,5,2024-12-31,Emergency
46,Riverside,5,2025-02-25,Emergency
47,Riverside,6,2024-09-11,Dietary
48,Northgate,3,2025-01-26,Standard
49,Northgate,3,2024-06-03,Accessibility
50,Riverside,2,2024-12-02,Standard
51,Southbank,3,2024-07-28,Dietary
52,Eastfield,5,2025-02-01,Standard
53,Eastfield,1,2024-12-12,Accessibility
54,Hilltop,1,2024-10-27,Standard
55,Riverside,6,2024-08-20,Accessibility
56,Hilltop,4,2025-05-22,Dietary
57,Hilltop,5,2024-11-08,Dietary
58,Hilltop,2,2024-07-25,Accessibility
59,Eastfield,2,2024-09-23,Emergency
60,Southbank,5,2024-09-14,Accessibility
61,Eastfield,6,2025-05-02,Dietary
62,Southbank,5,2024-11-12,Emergency
63,Southbank,5,2024-07-07,Standard
64,Eastfield,4,2025-06-25,Accessibility
65,Riverside,1,2024-08-26,Standard
66,Hilltop,1,2025-01-29,Accessibility
67,Northgate,1,2025-04-13,Accessibility
68,Riverside,5,2025-06-16,Standard
69,Hilltop,1,2025-05-05,Dietary
70,Riverside,3,2024-06-24,Standard
71,Southbank,4,2025-04-27,Standard
72,Riverside,1,2025-07-01,Emergency
73,Hilltop,5,2024-06-27,Emergency
74,Northgate,5,2025-05-21,Dietary
75,Southbank,5,2025-01-16,Dietary
76,Northgate,6,2024-06-10,Accessibility
77,Riverside,6,2025-03-09,Accessibility
78,Hilltop,3,2024-08-28,Accessibility
79,Eastfield,6,2024-10-27,Standard
80,Hilltop,6,2024-12-19,Emergency
81,Riverside,2,2025-02-14,Standard
82,Northgate,2,2024-07-27,Standard
83,Riverside,4,2024-10-18,Dietary
84,Eastfield,4,2024-11-04,Accessibility
85,Eastfield,1,2024-07-08,Standard
86,Southbank,5,2025-01-01,Emergency
87,Eastfield,1,2025-04-24,Emergency
88,Riverside,5,2024-09-03,Standard
89,Eastfield,5,2024-09-07,Standard
90,Hilltop,2,2025-01-24,Dietary
91,Riverside,1,2024-06-26,Dietary
92,Hilltop,6,2024-06-21,Standard
93,Northgate,3,2025-04-17,Emergency
94,Riverside,1,2025-06-27,Emergency
95,Hilltop,5,2025-06-14,Standard
96,Hilltop,1,2025-02-22,Accessibility
97,Hilltop,4,2025-03-25,Dietary
98,Hilltop,4,2025-02-11,Accessibility
99,Riverside,2,2025-06-09,Dietary
100,Hilltop,2,2024-12-15,Dietary
101,Hilltop,4,2025-04-24,Dietary
102,Eastfield,1,2024-11-02,Standard
103,Eastfield,6,2024-09-25,Standard
104,Hilltop,4,2024-10-24,Accessibility
105,Eastfield,4,2025-06-29,Standard
106,Eastfield,6,2025-03-14,Dietary
107,Southbank,6,2024-12-28,Accessibility
108,Eastfield,5,2024-10-01,Standard
109,Eastfield,6,2024-07-22,Standard
110,Northgate,6,2024-08-05,Accessibility
111,Northgate,1,2025-03-12,Accessibility
112,Southbank,5,2024-12-16,Dietary
113,Hilltop,2,2025-03-22,Standard
114,Riverside,5,2024-08-22,Accessibility
115,Southbank,1,2025-05-09,Dietary
116,Northgate,5,2024-08-11,Dietary
117,Hilltop,5,2025-05-19,Standard
118,Hilltop,4,2025-06-06,Standard
119,Southbank,2,2025-03-18,Standard
120,Northgate,5,2024-10-14,Dietary
121,Southbank,4,2025-03-20,Accessibility
122,Southbank,5,2024-11-25,Emergency
123,Riverside,3,2025-06-05,Accessibility
124,Eastfield,6,2024-08-27,Dietary
125,Southbank,6,2024-10-11,Accessibility
126,Northgate,2,2024-11-16,Accessibility
127,Hilltop,3,2025-06-07,Accessibility
128,Eastfield,6,2024-08-04,Accessibility
129,Eastfield,3,2025-07-05,Emergency
130,Northgate,6,2024-06-21,Emergency
131,Eastfield,6,2024-06-08,Emergency
132,Riverside,6,2024-09-24,Accessibility
133,Northgate,2,2024-06-08,Accessibility
134,Riverside,3,2025-04-10,Emergency
135,Northgate,3,2024-12-15,Dietary
136,Northgate,2,2024-11-18,Dietary
137,Southbank,4,2025-02-07,Emergency
138,Hilltop,4,2025-02-15,Standard
139,Northgate,6,2024-10-27,Emergency
140,Hilltop,3,2024-12-30,Accessibility
141,Northgate,3,2025-05-06,Emergency
142,Eastfield,5,2025-01-22,Accessibility
143,Southbank,6,2025-01-27,Standard
144,Riverside,3,2024-09-24,Emergency
145,Northgate,1,2025-04-17,Dietary
146,Hilltop,3,2024-07-17,Dietary
147,Riverside,4,2025-03-26,Standard
148,Eastfield,1,2025-05-13,Accessibility
149,Southbank,6,2024-08-11,Accessibility
150,Hilltop,5,2024-06-22,Dietary
151,Riverside,5,2024-12-07,Emergency
152,Northgate,2,2024-09-26,Standard
153,Riverside,6,2024-06-28,Emergency
154,Northgate,2,2025-06-16,Standard
155,Hilltop,4,2025-05-10,Dietary
156,Eastfield,2,2024-07-27,Standard
157,Eastfield,5,2025-03-04,Dietary
158,Riverside,2,2024-08-03,Accessibility
159,Southbank,3,2024-12-30,Accessibility
160,Eastfield,5,2025-01-02,Emergency
161,Southbank,5,2024-10-23,Standard
162,Southbank,1,2025-01-26,Standard
163,Southbank,1,2025-01-28,Emergency
164,Hilltop,2,2024-07-17,Dietary
165,Riverside,3,2025-04-23,Accessibility
166,Riverside,3,2025-01-17,Emergency
167,Northgate,5,2024-10-28,Accessibility
168,Eastfield,1,2024-11-12,Standard
169,Southbank,3,2024-12-03,Accessibility
170,Southbank,5,2024-10-18,Dietary
171,Hilltop,5,2025-03-27,Accessibility
172,Southbank,6,2024-08-03,Emergency
173,Southbank,4,2024-07-15,Standard
174,Riverside,1,2024-08-23,Dietary
175,Northgate,6,2024-11-15,Emergency
176,Hilltop,1,2025-03-12,Standard
177,Eastfield,1,2024-07-08,Dietary
178,Southbank,3,2024-11-29,Emergency
179,Hilltop,2,2024-11-24,Emergency
180,Eastfield,3,2025-01-05,Dietary
181,Southbank,2,2025-03-28,Accessibility
182,Hilltop,4,2024-09-02,Dietary
183,Hilltop,5,2024-06-07,Dietary
184,Northgate,1,2024-06-08,Dietary
185,Eastfield,3,2025-01-08,Accessibility
186,Riverside,4,2024-09-26,Emergency
187,Southbank,2,2024-12-09,Accessibility
188,Southbank,4,2024-10-12,Dietary
189,Northgate,2,2025-04-03,Standard
190,Northgate,3,2025-01-28,Standard
191,Eastfield,6,2024-11-20,Accessibility
192,Eastfield,3,2025-03-17,Dietary
193,Eastfield,4,2024-06-25,Emergency
194,Eastfield,4,2024-09-01,Dietary
195,Northgate,1,2025-04-24,Standard
196,Riverside,3,2024-08-09,Standard
197,Northgate,2,2024-11-12,Dietary
198,Southbank,6,2024-06-08,Accessibility
199,Eastfield,6,2024-10-14,Standard
200,Northgate,1,2025-04-07,Standard
201,Riverside,2,2024-07-11,Standard
202,Hilltop,1,2025-04-01,Dietary
203,Riverside,6,2025-01-06,Dietary
204,Southbank,6,2025-04-26,Standard
205,Riverside,5,2024-12-27,Accessibility
206,Riverside,6,2024-11-08,Accessibility
207,Southbank,2,2025-04-01,Accessibility
208,Eastfield,1,2025-01-20,Dietary
209,Northgate,2,2025-02-21,Emergency
210,Eastfield,2,2025-06-29,Dietary
211,Hilltop,4,2025-05-13,Emergency
212,Northgate,5,2024-11-25,Dietary
213,Hilltop,4,2024-12-30,Accessibility
214,Southbank,3,2024-08-01,Dietary
215,Riverside,4,2025-01-05,Dietary
216,Riverside,1,2025-01-06,Accessibility
217,Southbank,3,2025-06-17,Emergency
218,Hilltop,4,2024-06-20,Accessibility
219,Northgate,5,2024-11-22,Dietary
220,Hilltop,4,2024-07-27,Emergency
221,Hilltop,1,2024-10-24,Accessibility
222,Eastfield,6,2025-03-02,Standard
223,Eastfield,3,2024-12-23,Dietary
224,Riverside,5,2025-01-07,Dietary
225,Southbank,4,2024-08-21,Emergency
226,Northgate,5,2024-06-28,Dietary
227,Northgate,5,2024-08-20,Standard
228,Eastfield,1,2024-07-28,Dietary
229,Southbank,6,2024-06-10,Emergency
230,Hilltop,1,2024-07-24,Accessibility
231,Eastfield,2,2024-11-28,Dietary
232,Hilltop,6,2024-11-22,Emergency
233,Eastfield,5,2025-04-19,Dietary
234,Hilltop,6,2024-06-10,Accessibility
235,Northgate,2,2025-03-26,Accessibility
236,Southbank,3,2024-12-17,Dietary
237,Northgate,5,2024-10-27,Standard
238,Southbank,3,2024-09-20,Emergency
239,Southbank,2,2025-02-06,Emergency
240,Riverside,5,2025-02-18,Standard
241,Hilltop,6,2025-01-19,Dietary
242,Eastfield,2,2025-06-03,Dietary
243,Southbank,3,2024-09-17,Standard
244,Southbank,3,2025-04-03,Emergency
245,Hilltop,6,2024-07-27,Emergency
246,Riverside,1,2024-08-30,Standard
247,Eastfield,3,2024-10-31,Accessibility
248,Riverside,3,2024-12-17,Emergency
249,Riverside,2,2025-01-03,Accessibility
250,Northgate,2,2024-10-22,Accessibility
251,Northgate,2,2025-04-04,Emergency
252,Southbank,2,2025-06-12,Accessibility
253,Riverside,6,2024-10-16,Dietary
254,Riverside,5,2025-07-01,Accessibility
255,Northgate,5,2025-03-23,Accessibility
256,Hilltop,3,2024-06-28,Emergency
257,Hilltop,2,2025-06-16,Accessibility
258,Southbank,4,2025-03-23,Standard
259,Southbank,4,2024-12-03,Accessibility
260,Riverside,6,2025-01-16,Accessibility
261,Southbank,3,2024-07-25,Dietary
262,Eastfield,2,2024-10-29,Emergency
263,Southbank,2,2024-08-03,Emergency
264,Hilltop,2,2024-11-02,Accessibility
265,Eastfield,1,2025-02-09,Emergency
266,Eastfield,2,2025-07-02,Standard
267,Southbank,3,2024-08-31,Dietary
268,Northgate,4,2025-05-08,Standard
269,Northgate,6,2024-11-18,Emergency
270,Riverside,2,2024-08-18,Standard
271,Southbank,3,2025-02-23,Standard
272,Southbank,5,2024-08-17,Dietary
273,Northgate,2,2025-01-27,Emergency
274,Riverside,3,2025-05-03,Dietary
275,Southbank,3,2025-04-17,Dietary
276,Riverside,3,2025-01-30,Dietary
277,Northgate,4,2025-04-15,Dietary
278,Northgate,1,2025-02-28,Dietary
279,Riverside,6,2025-05-27,Dietary
280,Northgate,5,2024-12-27,Dietary
281,Hilltop,2,2025-01-18,Dietary
282,Northgate,5,2024-12-18,Dietary
283,Hilltop,4,2024-11-17,Accessibility
284,Southbank,6,2025-05-11,Accessibility
285,Riverside,2,2024-07-11,Standard
286,Eastfield,6,2024-12-08,Dietary
287,Hilltop,3,2025-05-16,Dietary
288,Hilltop,4,2024-12-16,Accessibility
289,Riverside,5,2024-11-04,Emergency
290,Eastfield,4,2024-07-23,Accessibility
291,Southbank,6,2024-08-15,Standard
292,Hilltop,6,2024-11-25,Emergency
293,Riverside,6,2024-12-09,Emergency
294,Riverside,4,2024-11-02,Dietary
295,Southbank,4,2024-09-27,Dietary
296,Northgate,3,2024-12-15,Accessibility
297,Northgate,5,2025-06-09,Emergency
298,Southbank,2,2025-01-18,Accessibility
299,Southbank,2,2025-02-12,Accessibility
300,Riverside,3,2024-07-14,Emergency
301,Eastfield,5,2024-07-08,Standard
302,Eastfield,1,2024-08-26,Accessibility
303,Southbank,3,2024-08-27,Dietary
304,Southbank,1,2024-11-03,Emergency
305,Riverside,3,2024-10-30,Emergency
306,Eastfield,5,2024-06-07,Standard
307,Southbank,2,2024-08-31,Standard
308,Northgate,4,2024-06-07,Accessibility
309,Riverside,4,2025-04-19,Dietary
310,Southbank,3,2025-04-04,Dietary
311,Riverside,2,2025-04-10,Emergency
312,Northgate,3,2025-05-28,Standard
313,Northgate,4,2024-09-02,Emergency
314,Eastfield,5,2025-04-21,Standard
315,Eastfield,2,2025-01-10,Dietary
316,Hilltop,1,2024-06-06,Dietary
317,Northgate,4,2024-10-26,Emergency
318,Northgate,6,2025-02-15,Accessibility
319,Riverside,2,2024-11-09,Accessibility
320,Northgate,2,2024-11-07,Emergency
321,Northgate,4,2024-06-10,Emergency
322,Eastfield,2,2024-10-29,Standard
323,Northgate,3,2024-10-27,Dietary
324,Eastfield,2,2025-04-04,Emergency
325,Eastfield,1,2025-07-03,Emergency
326,Hilltop,4,2024-07-14,Accessibility
327,Northgate,5,2025-06-12,Emergency
328,Northgate,1,2025-04-06,Standard
329,Hilltop,4,2025-01-31,Accessibility
330,Riverside,6,2025-04-20,Accessibility
331,Eastfield,1,2025-04-28,Standard
332,Southbank,4,2024-09-01,Dietary
333,Northgate,3,2024-10-02,Standard
334,Eastfield,3,2024-08-29,Dietary
335,Riverside,4,2024-09-28,Emergency
336,Hilltop,6,2025-02-07,Accessibility
337,Northgate,6,2025-06-18,Emergency
338,Riverside,5,2025-01-14,Emergency
339,Eastfield,2,2025-02-27,Accessibility
340,Northgate,3,2024-08-31,Accessibility
341,Hilltop,4,2024-06-28,Emergency
342,Southbank,6,2024-08-03,Standard
343,Northgate,3,2024-12-06,Emergency
344,Hilltop,2,2024-10-14,Accessibility
345,Riverside,5,2024-08-07,Emergency
346,Northgate,3,2025-01-22,Accessibility
347,Hilltop,2,2025-05-02,Standard
348,Northgate,2,2024-09-09,Standard
349,Hilltop,5,2024-09-30,Emergency
350,Riverside,3,2025-01-20,Accessibility
351,Hilltop,4,2024-11-12,Emergency
352,Riverside,5,2024-06-11,Standard
353,Southbank,5,2024-07-21,Dietary
354,Eastfield,1,2024-10-22,Standard
355,Hilltop,4,2025-06-22,Dietary
356,Hilltop,6,2024-10-08,Accessibility
357,Hilltop,6,2025-02-06,Dietary
358,Northgate,1,2024-12-02,Standard
359,Riverside,3,2025-02-17,Standard
360,Southbank,6,2025-06-04,Emergency
361,Southbank,5,2024-08-02,Dietary
362,Eastfield,1,2024-07-03,Dietary
363,Northgate,2,2024-10-06,Emergency
364,Eastfield,2,2024-06-06,Standard
365,Northgate,6,2024-12-16,Emergency
366,Northgate,6,2024-09-06,Standard
367,Northgate,4,2025-07-05,Dietary
368,Eastfield,4,2024-08-11,Emergency
369,Eastfield,5,2024-10-20,Emergency
370,Riverside,6,2024-09-11,Emergency
371,Riverside,2,2025-06-17,Dietary
372,Northgate,3,2025-02-01,Dietary
373,Riverside,6,2024-07-12,Emergency
374,Southbank,6,2024-07-24,Dietary
375,Riverside,4,2025-01-10,Standard
376,Eastfield,3,2025-05-20,Dietary
377,Hilltop,6,2024-12-07,Accessibility
378,Northgate,3,2024-12-30,Accessibility
379,Northgate,6,2024-08-08,Standard
380,Eastfield,4,2024-10-25,Standard
381,Hilltop,1,2025-05-19,Standard
382,Hilltop,3,2024-07-04,Dietary
383,Hilltop,1,2025-06-29,Dietary
384,Eastfield,5,2024-08-18,Standard
385,Hilltop,5,2025-01-02,Accessibility
386,Eastfield,5,2025-01-11,Dietary
387,Hilltop,3,2024-07-30,Emergency
388,Hilltop,1,2025-04-01,Dietary
389,Hilltop,4,2024-06-03,Emergency
390,Northgate,5,2025-03-29,Dietary
391,Riverside,3,2024-06-16,Standard
392,Northgate,3,2024-10-25,Dietary
393,Southbank,6,2024-06-12,Standard
394,Riverside,5,2024-11-13,Dietary
395,Riverside,5,2025-02-15,Emergency
396,Hilltop,4,2024-06-02,Emergency
397,Southbank,2,2024-12-25,Standard
398,Northgate,3,2025-04-09,Dietary
399,Eastfield,1,2025-03-03,Standard
400,Southbank,2,2024-12-31,Dietary
401,Hilltop,5,2024-09-18,Standard
402,Northgate,5,2025-02-01,Standard
403,Eastfield,3,2024-08-02,Emergency
404,Riverside,3,2024-08-13,Standard
405,Riverside,5,2025-03-08,Standard
406,Eastfield,3,2024-06-26,Standard
407,Hilltop,1,2024-06-08,Dietary
408,Hilltop,4,2025-07-03,Dietary
409,Riverside,6,2024-12-16,Accessibility
410,Hilltop,3,2025-04-25,Dietary
411,Northgate,5,2024-06-13,Standard
412,Southbank,4,2025-04-17,Accessibility
413,Southbank,4,2025-03-25,Standard
414,Hilltop,6,2024-11-20,Standard
415,Southbank,6,2024-08-23,Standard
416,Eastfield,3,2024-09-28,Accessibility
417,Riverside,4,2025-02-10,Standard
418,Hilltop,3,2025-06-14,Dietary
419,Northgate,5,2024-09-16,Dietary
420,Eastfield,2,2025-04-08,Standard
421,Northgate,6,2024-09-22,Accessibility
422,Hilltop,3,2025-04-26,Emergency
423,Hilltop,4,2024-12-06,Accessibility
424,Riverside,4,2025-05-26,Dietary
425,Hilltop,4,2025-03-24,Emergency
426,Riverside,6,2024-11-21,Accessibility
427,Eastfield,1,2024-11-22,Emergency
428,Northgate,5,2025-05-04,Standard
429,Hilltop,3,2025-04-05,Dietary
430,Northgate,2,2024-06-02,Standard
431,Southbank,1,2024-11-07,Standard
432,Northgate,4,2025-05-26,Standard
433,Hilltop,4,2024-10-09,Dietary
434,Hilltop,4,2024-10-14,Standard
435,Hilltop,2,2024-09-10,Standard
436,Northgate,1,2024-09-13,Standard
437,Riverside,1,2024-10-19,Standard
438,Eastfield,3,2024-07-18,Dietary
439,Southbank,2,2025-02-25,Dietary
440,Eastfield,4,2024-10-29,Emergency
441,Eastfield,3,2024-10-16,Accessibility
442,Northgate,6,2024-09-09,Accessibility
443,Southbank,5,2025-05-23,Emergency
444,Southbank,3,2025-05-08,Dietary
445,Riverside,3,2025-04-13,Standard
446,Eastfield,6,2024-12-22,Accessibility
447,Riverside,3,2025-01-20,Standard
448,Eastfield,6,2024-07-17,Standard
449,Northgate,2,2025-02-09,Dietary
450,Hilltop,4,2024-10-04,Dietary
451,Riverside,4,2024-10-11,Accessibility
452,Eastfield,4,2024-10-02,Dietary
453,Southbank,4,2025-03-31,Dietary
454,Eastfield,4,2024-12-03,Dietary
455,Riverside,3,2024-08-04,Emergency
456,Eastfield,2,2024-08-17,Accessibility
457,Hilltop,5,2025-05-02,Standard
458,Southbank,4,2024-06-21,Accessibility
459,Hilltop,6,2025-06-17,Standard
460,Southbank,1,2025-05-06,Dietary
461,Southbank,5,2025-05-15,Accessibility
462,Riverside,6,2025-06-20,Dietary
463,Northgate,3,2024-07-04,Accessibility
464,Eastfield,6,2024-08-07,Standard
465,Northgate,1,2025-02-03,Dietary
466,Eastfield,1,2025-01-13,Dietary
467,Riverside,1,2025-03-24,Standard
468,Hilltop,2,2025-06-07,Accessibility
469,Hilltop,2,2025-05-02,Accessibility
470,Eastfield,6,2024-12-26,Accessibility
471,Hilltop,2,2024-12-21,Accessibility
472,Riverside,1,2024-09-13,Emergency
473,Eastfield,2,2024-09-01,Standard
474,Hilltop,3,2025-01-08,Emergency
475,Southbank,4,2025-06-01,Standard
476,Southbank,2,2025-05-07,Accessibility
477,Eastfield,6,2025-03-06,Standard
478,Eastfield,4,2024-12-28,Accessibility
479,Eastfield,2,2024-06-20,Emergency
480,Riverside,2,2025-03-25,Standard
481,Eastfield,4,2025-02-18,Standard
482,Northgate,1,2024-09-29,Accessibility
483,Hilltop,1,2025-06-19,Accessibility
484,Hilltop,2,2024-08-18,Standard
485,Riverside,6,2024-11-13,Emergency
486,Riverside,6,2024-10-24,Standard
487,Southbank,5,2025-03-24,Dietary
488,Eastfield,2,2024-09-06,Emergency
489,Riverside,3,2025-05-03,Accessibility
490,Southbank,4,2024-12-28,Standard
491,Eastfield,1,2024-12-17,Dietary
492,Hilltop,4,2024-07-13,Standard
493,Riverside,2,2024-09-24,Standard
494,Eastfield,2,2025-06-26,Standard
495,Northgate,1,2024-07-19,Dietary
496,Southbank,3,2024-09-17,Accessibility
497,Eastfield,4,2025-05-01,Standard
498,Northgate,5,2025-07-02,Standard
499,Northgate,4,2025-01-27,Standard
500,Northgate,6,2025-04-29,Dietary
501,Hilltop,5,2024-11-05,Emergency
502,Hilltop,6,2025-01-13,Standard
503,Southbank,3,2024-09-16,Emergency
504,Hilltop,2,2024-12-13,Dietary
505,Southbank,2,2024-06-15,Standard
506,Northgate,6,2024-10-06,Standard
507,Hilltop,4,2024-10-04,Emergency
508,Riverside,3,2024-07-20,Dietary
509,Southbank,2,2025-04-08,Emergency
510,Riverside,3,2025-04-08,Dietary
511,Eastfield,3,2024-07-19,Accessibility
512,Riverside,2,2024-07-20,Accessibility
513,Hilltop,4,2024-09-10,Emergency
514,Riverside,6,2025-04-23,Emergency
515,Riverside,5,2024-06-29,Dietary
516,Riverside,2,2024-09-30,Emergency
517,Northgate,5,2024-11-06,Emergency
518,Hilltop,5,2024-06-18,Emergency
519,Southbank,2,2025-01-27,Dietary
520,Northgate,3,2024-08-09,Emergency
521,Riverside,1,2025-05-13,Accessibility
522,Hilltop,4,2025-01-22,Emergency
523,Hilltop,2,2024-06-06,Accessibility
524,Southbank,5,2025-05-28,Standard
525,Northgate,3,2024-10-19,Dietary
526,Southbank,6,2025-06-12,Emergency
527,Riverside,1,2024-11-15,Standard
528,Riverside,6,2025-06-23,Standard
529,Riverside,2,2025-06-22,Emergency
530,Eastfield,4,2024-10-20,Emergency
531,Riverside,1,2024-07-14,Standard
532,Eastfield,4,2025-04-24,Dietary
533,Eastfield,6,2024-10-02,Standard
534,Riverside,3,2025-01-01,Dietary
535,Riverside,6,2025-02-16,Accessibility
536,Southbank,1,2025-04-01,Accessibility
537,Eastfield,2,2025-01-21,Dietary
538,Riverside,6,2025-03-01,Accessibility
539,Northgate,3,2024-06-11,Emergency
540,Riverside,3,2025-03-26,Emergency
541,Southbank,2,2024-11-11,Emergency
542,Riverside,6,2025-03-08,Accessibility
543,Southbank,3,2024-07-10,Emergency
544,Eastfield,1,2025-04-08,Accessibility
545,Northgate,5,2025-01-18,Accessibility
546,Southbank,5,2024-09-22,Emergency
547,Hilltop,3,2024-07-08,Dietary
548,Riverside,1,2025-06-17,Emergency
549,Southbank,5,2024-11-14,Emergency
550,Eastfield,1,2025-05-09,Emergency
551,Eastfield,3,2024-08-18,Standard
552,Southbank,4,2025-03-25,Emergency
553,Riverside,1,2024-09-17,Accessibility
554,Riverside,6,2025-05-16,Standard
555,Northgate,5,2024-06-30,Dietary
556,Hilltop,5,2025-05-06,Emergency
557,Northgate,5,2024-06-18,Dietary
558,Eastfield,2,2024-10-17,Accessibility
559,Southbank,4,2024-06-11,Dietary
560,Riverside,6,2024-10-03,Standard
561,Northgate,5,2024-06-28,Emergency
562,Hilltop,2,2025-05-12,Accessibility
563,Northgate,4,2025-02-14,Accessibility
564,Northgate,6,2025-01-26,Dietary
565,Hilltop,6,2024-09-12,Accessibility
566,Eastfield,3,2024-11-27,Accessibility
567,Hilltop,3,2025-05-02,Emergency
568,Riverside,4,2024-08-28,Accessibility
569,Eastfield,6,2025-03-17,Dietary
570,Eastfield,1,2025-05-28,Standard
571,Southbank,5,2025-07-04,Dietary
572,Hilltop,1,2024-11-22,Emergency
573,Eastfield,4,2025-02-03,Dietary
574,Riverside,4,2025-01-21,Standard
575,Riverside,4,2024-09-06,Accessibility
576,Eastfield,1,2025-02-12,Standard
577,Eastfield,4,2025-01-30,Accessibility
578,Hilltop,4,2024-07-05,Standard
579,Riverside,3,2024-06-16,Standard
580,Eastfield,2,2025-04-08,Accessibility
581,Northgate,3,2025-06-18,Standard
582,Northgate,4,2024-08-27,Dietary
583,Eastfield,1,2024-12-07,Standard
584,Riverside,4,2024-10-24,Emergency
585,Southbank,4,2024-09-12,Emergency
586,Hilltop,6,2025-03-21,Accessibility
587,Northgate,6,2024-10-10,Standard
588,Eastfield,3,2024-08-04,Dietary
589,Eastfield,1,2024-08-17,Emergency
590,Hilltop,4,2024-12-15,Dietary
591,Eastfield,4,2024-12-13,Emergency
592,Hilltop,2,2025-04-15,Standard
593,Riverside,4,2025-05-21,Standard
594,Eastfield,2,2025-05-13,Accessibility
595,Northgate,1,2024-12-24,Accessibility
596,Hilltop,3,2025-06-23,Accessibility
597,Eastfield,5,2025-04-02,Standard
598,Riverside,2,2024-12-21,Accessibility
599,Southbank,6,2025-06-30,Standard
600,Southbank,6,2025-06-04,Dietary
601,Southbank,5,2025-03-20,Dietary
602,Southbank,2,2025-01-14,Standard
603,Eastfield,3,2025-02-12,Standard
604,Hilltop,1,2024-07-06,Dietary
605,Northgate,2,2025-06-19,Emergency
606,Hilltop,3,2025-06-01,Accessibility
607,Northgate,3,2025-01-31,Accessibility
608,Riverside,4,2025-03-07,Standard
609,Hilltop,5,2025-02-27,Emergency
610,Northgate,4,2025-03-27,Accessibility
611,Eastfield,3,2024-09-22,Emergency
612,Riverside,4,2025-05-08,Dietary
613,Eastfield,4,2025-04-13,Emergency
614,Northgate,3,2025-03-07,Accessibility
615,Southbank,3,2024-09-21,Standard
616,Eastfield,1,2024-11-25,Dietary
617,Northgate,3,2025-05-02,Accessibility
618,Southbank,4,2025-04-02,Accessibility
619,Southbank,5,2024-12-04,Emergency
620,Riverside,4,2025-02-17,Standard
621,Hilltop,6,2024-06-22,Emergency
622,Northgate,3,2025-06-22,Dietary
623,Eastfield,2,2024-12-17,Accessibility
624,Eastfield,6,2024-07-16,Standard
625,Northgate,5,2025-03-02,Standard
626,Northgate,1,2024-12-25,Standard
627,Hilltop,4,2024-12-13,Accessibility
628,Northgate,6,2025-06-28,Accessibility
629,Hilltop,6,2024-11-19,Standard
630,Riverside,2,2025-01-31,Dietary
631,Riverside,2,2024-11-09,Accessibility
632,Hilltop,4,2024-12-01,Emergency
633,Eastfield,1,2025-05-20,Standard
634,Riverside,6,2024-12-21,Standard
635,Eastfield,2,2025-05-28,Emergency
636,Riverside,1,2024-08-14,Standard
637,Southbank,4,2025-07-05,Accessibility
638,Eastfield,3,2024-09-15,Accessibility
639,Eastfield,1,2024-12-22,Dietary
640,Northgate,6,2025-01-13,Emergency
641,Eastfield,5,2024-10-06,Accessibility
642,Hilltop,6,2024-10-08,Accessibility
643,Northgate,4,2024-07-27,Emergency
644,Eastfield,2,2025-04-05,Dietary
645,Southbank,6,2025-02-10,Accessibility
646,Southbank,2,2025-04-02,Emergency
647,Riverside,5,2024-09-01,Dietary
648,Eastfield,6,2024-12-04,Dietary
649,Southbank,5,2025-06-03,Standard
650,Southbank,4,2024-08-24,Accessibility
651,Hilltop,3,2025-05-31,Standard
652,Hilltop,3,2025-04-29,Emergency
653,Southbank,6,2024-08-18,Dietary
654,Hilltop,6,2025-06-25,Accessibility
655,Eastfield,6,2024-07-21,Emergency
656,Southbank,1,2025-05-08,Emergency
657,Riverside,6,2025-01-29,Emergency
658,Southbank,1,2024-07-20,Emergency
659,Southbank,3,2024-12-27,Standard
660,Hilltop,2,2024-10-23,Standard
661,Northgate,4,2024-10-16,Accessibility
662,Eastfield,1,2025-04-01,Accessibility
663,Eastfield,3,2024-06-26,Standard
664,Hilltop,6,2024-10-02,Standard
665,Northgate,5,2024-06-27,Standard
666,Northgate,6,2025-06-19,Accessibility
667,Southbank,5,2024-08-13,Emergency
668,Southbank,4,2024-07-03,Standard
669,Northgate,4,2024-12-05,Accessibility
670,Northgate,3,2025-04-22,Dietary
671,Northgate,2,2024-07-01,Dietary
672,Eastfield,1,2024-06-03,Standard
673,Southbank,1,2024-07-27,Accessibility
674,Riverside,6,2025-02-09,Standard
675,Eastfield,5,2025-04-23,Standard
676,Riverside,4,2025-04-13,Accessibility
677,Hilltop,4,2024-11-04,Dietary
678,Northgate,6,2024-09-14,Dietary
679,Southbank,5,2024-06-15,Accessibility
680,Eastfield,6,2024-06-15,Emergency
681,Northgate,1,2025-03-31,Emergency
682,Hilltop,4,2024-07-23,Dietary
683,Southbank,1,2024-12-31,Emergency
684,Riverside,3,2024-11-25,Standard
685,Southbank,6,2024-11-14,Emergency
686,Southbank,3,2024-08-07,Accessibility
687,Hilltop,4,2025-02-25,Dietary
688,Eastfield,1,2025-02-10,Standard
689,Eastfield,3,2025-06-29,Dietary
690,Southbank,5,2024-12-03,Emergency
691,Riverside,1,2024-12-16,Dietary
692,Northgate,6,2024-10-10,Standard
693,Northgate,3,2025-05-10,Dietary
694,Hilltop,5,2024-06-13,Standard
695,Northgate,2,2025-01-25,Emergency
696,Eastfield,3,2024-08-16,Standard
697,Eastfield,3,2025-02-12,Accessibility
698,Eastfield,5,2024-08-12,Dietary
699,Hilltop,6,2024-11-12,Standard
700,Riverside,1,2025-03-03,Standard
701,Riverside,5,2024-09-23,Standard
702,Hilltop,3,2024-12-25,Emergency
703,Hilltop,3,2025-01-31,Emergency
704,Eastfield,2,2025-06-08,Accessibility
705,Southbank,5,2025-06-03,Emergency
706,Riverside,1,2025-01-11,Emergency
707,Hilltop,2,2025-04-13,Emergency
708,Eastfield,4,2025-01-18,Accessibility
709,Southbank,6,2025-05-31,Standard
710,Northgate,1,2025-03-14,Emergency
711,Northgate,1,2025-05-03,Dietary
712,Southbank,4,2024-12-07,Emergency
713,Riverside,2,2025-06-22,Dietary
714,Riverside,2,2024-06-10,Accessibility
715,Riverside,2,2024-07-15,Dietary
716,Northgate,4,2025-05-14,Emergency
717,Riverside,1,2025-05-29,Dietary
718,Eastfield,2,2024-08-29,Emergency
719,Northgate,5,2025-01-18,Emergency
720,Southbank,3,2025-04-22,Dietary
721,Southbank,1,2024-11-24,Emergency
722,Riverside,4,2024-09-27,Emergency
723,Hilltop,2,2025-05-23,Accessibility
724,Hilltop,1,2024-12-31,Dietary
725,Hilltop,6,2024-08-09,Accessibility
726,Hilltop,3,2024-08-29,Standard
727,Hilltop,3,2025-06-05,Standard
728,Southbank,4,2024-06-21,Dietary
729,Riverside,6,2024-06-10,Emergency
730,Riverside,3,2024-07-11,Dietary
731,Eastfield,4,2024-07-21,Accessibility
732,Hilltop,3,2025-06-15,Accessibility
733,Southbank,3,2025-01-12,Standard
734,Riverside,2,2025-06-10,Accessibility
735,Southbank,4,2024-06-09,Standard
736,Eastfield,2,2024-10-19,Standard
737,Riverside,2,2024-10-11,Emergency
738,Eastfield,3,2024-11-23,Accessibility
739,Southbank,4,2025-03-04,Standard
740,Riverside,4,2024-11-12,Dietary
741,Eastfield,4,2025-07-04,Dietary
742,Hilltop,3,2024-12-28,Accessibility
743,Southbank,5,2025-01-29,Accessibility
744,Southbank,2,2024-10-21,Dietary
745,Northgate,4,2024-11-04,Accessibility
746,Eastfield,5,2025-05-17,Emergency
747,Eastfield,4,2025-03-24,Accessibility
748,Southbank,3,2024-12-16,Emergency
749,Hilltop,1,2024-08-01,Emergency
750,Southbank,1,2024-08-26,Dietary
751,Eastfield,2,2025-06-22,Emergency
752,Riverside,4,2025-05-15,Emergency
753,Southbank,5,2024-11-05,Dietary
754,Riverside,1,2025-02-04,Emergency
755,Southbank,2,2024-09-14,Standard
756,Eastfield,4,2024-07-09,Standard
757,Hilltop,5,2025-03-22,Dietary
758,Southbank,6,2025-06-11,Dietary
759,Riverside,6,2024-08-17,Standard
760,Northgate,3,2025-01-02,Dietary
761,Northgate,4,2024-11-14,Dietary
762,Riverside,1,2025-01-09,Emergency
763,Riverside,4,2024-06-01,Emergency
764,Riverside,3,2025-01-20,Emergency
765,Eastfield,6,2024-08-21,Standard
766,Northgate,1,2024-10-19,Standard
767,Hilltop,4,2025-02-18,Accessibility
768,Northgate,3,2024-09-27,Accessibility
769,Northgate,5,2024-06-04,Standard
770,Southbank,2,2025-04-03,Emergency
771,Hilltop,5,2024-09-20,Dietary
772,Northgate,2,2024-07-05,Dietary
773,Hilltop,5,2024-09-10,Accessibility
774,Southbank,2,2025-01-10,Dietary
775,Hilltop,4,2025-04-17,Accessibility
776,Riverside,4,2025-03-21,Accessibility
777,Eastfield,6,2024-11-05,Standard
778,Southbank,6,2024-10-03,Accessibility
779,Hilltop,2,2025-02-06,Standard
780,Northgate,3,2025-05-22,Dietary
781,Hilltop,6,2024-11-08,Accessibility
782,Hilltop,3,2024-09-26,Standard
783,Northgate,5,2024-12-12,Standard
784,Northgate,2,2025-02-07,Accessibility
785,Northgate,4,2024-08-18,Dietary
786,Hilltop,5,2025-05-29,Dietary
787,Southbank,5,2025-01-15,Emergency
788,Riverside,2,2025-01-06,Accessibility
789,Riverside,1,2025-01-17,Standard
790,Riverside,1,2025-06-10,Dietary
791,Hilltop,4,2025-03-06,Standard
792,Eastfield,4,2025-03-11,Emergency
793,Northgate,2,2025-06-07,Dietary
794,Eastfield,6,2024-10-25,Accessibility
795,Riverside,3,2025-04-14,Standard
796,Riverside,4,2025-04-22,Accessibility
797,Eastfield,3,2024-11-22,Accessibility
798,Southbank,2,2025-05-07,Dietary
799,Northgate,1,2025-05-07,Standard
